Appointment End Date,n
1/1/2022 11:59,1
1/10/2022 11:59,38
1/10/2022 23:59,5
1/11/2022 11:59,42
1/11/2022 23:59,1
1/12/2022 11:59,56
1/12/2022 23:59,1
1/13/2022 11:59,59
1/13/2022 23:59,5
1/14/2022 11:59,107
1/14/2022 23:59,3
1/16/2022 11:59,7
1/17/2022 11:59,4
1/18/2022 11:59,33
1/18/2022 23:59,1
1/19/2022 11:59,56
1/19/2022 23:59,2
1/2/2022 11:59,4
1/20/2021 23:59,64
1/20/2022 11:59,87
1/20/2022 23:59,3
1/21/2021 23:59,74
1/21/2022 11:59,62
1/21/2022 23:59,2
1/22/2021 23:59,35
1/23/2022 11:59,3
1/24/2021 23:59,3
1/24/2022 11:59,44
1/25/2021 23:59,58
1/25/2022 11:59,54
1/26/2021 23:59,43
1/26/2022 11:59,68
1/27/2021 23:59,28
1/27/2022 11:59,128
1/28/2021 23:59,57
1/28/2022 11:59,72
1/29/2021 23:59,31
1/29/2022 11:59,46
1/3/2022 11:59,8
1/30/2021 23:59,5
1/30/2022 11:59,1
1/31/2021 23:59,2
1/4/2022 11:59,20
1/5/2022 11:59,48
1/5/2022 23:59,15
1/6/2022 11:59,66
1/7/2022 11:59,23
1/7/2022 23:59,8
1/9/2022 11:59,1
10/1/2021 11:59,107
10/1/2021 23:59,2
10/1/2022 23:59,1543
10/10/2021 11:59,6
10/10/2022 23:59,35
10/11/2021 11:59,5
10/11/2022 23:59,1520
10/12/2021 11:59,119
10/12/2021 23:59,2
10/12/2022 23:59,1476
10/13/2021 11:59,157
10/13/2021 23:59,5
10/13/2022 23:59,1571
10/14/2021 11:59,146
10/14/2021 23:59,4
10/14/2022 23:59,1718
10/15/2021 11:59,97
10/15/2021 23:59,2
10/15/2022 23:59,1524
10/16/2022 23:59,358
10/17/2021 11:59,1
10/17/2022 23:59,264
10/18/2021 11:59,232
10/18/2021 23:59,20
10/18/2022 23:59,374
10/19/2021 11:59,130
10/19/2021 23:59,4
10/19/2022 23:59,2456
10/2/2022 23:59,220
10/20/2021 11:59,120
10/20/2021 23:59,2
10/20/2022 23:59,1553
10/21/2021 11:59,140
10/21/2021 23:59,1
10/21/2022 23:59,1632
10/22/2021 11:59,133
10/22/2021 23:59,29
10/22/2022 23:59,1628
10/23/2021 11:59,8
10/23/2022 23:59,349
10/24/2021 11:59,4
10/24/2022 23:59,860
10/25/2021 11:59,99
10/25/2021 23:59,2
10/25/2022 23:59,1425
10/26/2021 11:59,112
10/26/2021 23:59,4
10/26/2022 23:59,1419
10/27/2021 11:59,123
10/27/2021 23:59,7
10/27/2022 23:59,1303
10/28/2021 11:59,129
10/28/2022 23:59,1548
10/29/2021 11:59,103
10/29/2022 23:59,1530
10/3/2022 23:59,304
10/30/2021 11:59,19
10/30/2022 23:59,355
10/31/2022 23:59,5557
10/4/2021 11:59,81
10/4/2021 23:59,11
10/4/2022 23:59,1333
10/5/2021 11:59,211
10/5/2021 23:59,7
10/5/2022 23:59,1285
10/6/2021 11:59,128
10/6/2021 23:59,9
10/6/2022 23:59,1440
10/7/2021 11:59,118
10/7/2021 23:59,8
10/7/2022 23:59,1549
10/8/2021 11:59,200
10/8/2022 23:59,577
10/9/2021 11:59,5
10/9/2022 23:59,571
11/1/2021 11:59,41
11/1/2021 23:59,2
11/1/2022 23:59,1455
11/10/2021 11:59,267
11/10/2021 23:59,8
11/10/2022 23:59,1513
11/11/2021 11:59,116
11/11/2021 23:59,1
11/11/2022 23:59,211
11/12/2021 11:59,49
11/12/2021 23:59,7
11/12/2022 23:59,1695
11/13/2021 11:59,2
11/13/2022 23:59,360
11/14/2021 11:59,10
11/14/2022 23:59,1156
11/15/2021 11:59,1081
11/15/2021 23:59,15
11/15/2022 23:59,2648
11/16/2021 11:59,156
11/16/2021 23:59,3
11/16/2022 23:59,1998
11/17/2021 11:59,226
11/17/2021 23:59,3
11/17/2022 23:59,435
11/18/2021 11:59,414
11/18/2021 23:59,4
11/18/2022 23:59,642
11/19/2021 11:59,308
11/19/2021 23:59,5
11/19/2022 23:59,132
11/2/2021 11:59,130
11/2/2021 23:59,3
11/2/2022 23:59,784
11/20/2021 11:59,7
11/20/2021 23:59,3
11/20/2022 23:59,125
11/21/2021 11:59,2
11/21/2021 23:59,3
11/21/2022 23:59,836
11/22/2021 11:59,189
11/22/2021 23:59,9
11/22/2022 23:59,355
11/23/2021 11:59,109
11/23/2022 23:59,258
11/24/2021 11:59,56
11/24/2021 23:30,1
11/24/2021 23:59,13
11/24/2021 6:00,18
11/24/2022 23:59,1
11/25/2021 11:59,6
11/25/2021 23:30,1
11/25/2022 23:59,111
11/26/2021 11:59,16
11/26/2022 23:59,371
11/27/2021 11:59,9
11/27/2022 23:59,312
11/28/2021 11:59,4
11/28/2022 23:59,1239
11/29/2021 11:59,261
11/29/2021 23:59,25
11/29/2022 23:59,1204
11/3/2021 11:59,189
11/3/2021 23:59,2
11/3/2022 23:59,2610
11/30/2021 23:59,15
11/30/2022 23:59,1207
11/4/2021 11:59,225
11/4/2021 23:59,6
11/4/2022 23:59,1578
11/5/2021 11:59,81
11/5/2021 23:59,2
11/5/2022 23:59,1505
11/6/2021 11:59,3
11/6/2022 23:59,349
11/7/2021 11:59,6
11/7/2022 23:59,197
11/8/2021 11:59,301
11/8/2021 23:59,4
11/8/2022 23:59,1146
11/9/2021 11:59,184
11/9/2021 23:59,2
11/9/2022 23:59,1496
12/1/2021 11:59,431
12/1/2021 23:59,10
12/10/2021 11:59,156
12/10/2021 23:59,86
12/11/2021 11:59,18
12/12/2021 11:59,30
12/13/2021 11:59,213
12/13/2021 23:59,2
12/14/2021 11:59,281
12/14/2021 23:59,4
12/15/2021 11:59,1795
12/15/2021 23:59,4
12/16/2021 11:59,712
12/16/2021 23:59,3
12/17/2021 11:59,1947
12/17/2021 23:59,1
12/18/2021 11:59,2363
12/19/2021 11:59,2203
12/2/2021 11:59,273
12/20/2021 11:59,893
12/20/2021 23:59,2
12/21/2021 11:59,719
12/21/2021 23:59,6
12/22/2021 11:59,937
12/22/2021 23:59,9
12/23/2021 11:59,964
12/24/2021 23:59,1
12/25/2021 11:59,3
12/25/2021 23:59,1
12/26/2021 11:59,1
12/27/2021 11:59,10
12/28/2021 11:59,21
12/29/2021 11:59,9
12/29/2021 23:59,2
12/3/2021 11:59,180
12/3/2021 23:59,8
12/30/2021 11:59,6
12/31/2021 23:30,59
12/4/2021 11:59,3
12/4/2021 23:59,3
12/5/2021 11:59,196
12/5/2021 23:59,1
12/6/2021 11:59,244
12/6/2021 23:59,1
12/7/2021 11:59,250
12/8/2021 11:59,232
12/8/2021 23:59,3
12/9/2021 11:59,220
12/9/2021 23:59,9
2/1/2021 23:59,47
2/1/2022 11:59,36
2/10/2021 23:59,14
2/10/2022 11:59,123
2/11/2021 23:59,78
2/11/2022 11:59,67
2/11/2022 23:59,5
2/12/2021 23:59,68
2/12/2022 11:59,2
2/13/2021 23:59,3
2/13/2022 11:59,2
2/14/2021 23:59,1
2/14/2022 11:59,134
2/14/2022 23:59,9
2/15/2021 23:59,6
2/15/2022 11:59,71
2/15/2022 23:59,4
2/16/2021 23:59,27
2/16/2022 11:59,142
2/16/2022 23:59,8
2/17/2021 23:59,39
2/17/2022 11:59,286
2/17/2022 23:59,1
2/18/2021 23:59,11
2/18/2022 11:59,74
2/19/2021 23:59,73
2/19/2022 11:59,7
2/2/2021 23:59,45
2/2/2022 11:59,185
2/2/2022 23:59,1
2/20/2021 23:59,33
2/20/2022 11:59,3
2/21/2022 11:59,8
2/21/2022 23:59,3
2/22/2021 23:59,52
2/22/2022 11:59,120
2/22/2022 23:59,6
2/23/2021 23:59,60
2/23/2022 11:59,104
2/23/2022 23:59,3
2/24/2021 23:59,60
2/24/2022 11:59,162
2/24/2022 23:59,7
2/25/2021 23:59,55
2/25/2022 11:59,94
2/25/2022 23:59,3
2/26/2021 23:59,34
2/26/2022 11:59,7
2/27/2021 23:59,4
2/27/2022 11:59,4
2/28/2021 23:59,2
2/28/2022 11:59,1
2/3/2021 23:59,79
2/3/2022 11:59,77
2/3/2022 23:59,1
2/4/2021 23:59,75
2/4/2022 11:59,70
2/5/2021 23:59,84
2/6/2021 23:59,4
2/7/2021 23:59,1
2/7/2022 11:59,62
2/7/2022 23:59,4
2/8/2021 23:59,24
2/8/2022 11:59,106
2/8/2022 23:59,1
2/9/2021 23:59,85
2/9/2022 11:59,151
2/9/2022 23:59,1
3/1/2021 0:00,1
3/1/2021 23:59,28
3/1/2022 11:59,121
3/10/2021 23:59,46
3/10/2022 11:59,166
3/10/2022 23:59,10
3/11/2021 23:59,113
3/11/2022 11:59,127
3/12/2021 23:59,138
3/12/2022 11:59,3
3/13/2021 23:59,2
3/13/2022 11:59,27
3/14/2021 23:59,1
3/14/2022 11:59,148
3/14/2022 23:59,2
3/15/2021 23:59,29
3/15/2022 11:59,705
3/15/2022 23:59,2
3/16/2021 23:59,35
3/16/2022 11:59,515
3/16/2022 23:59,5
3/17/2021 23:59,51
3/17/2022 11:59,772
3/17/2022 23:59,26
3/18/2021 23:59,63
3/18/2022 11:59,136
3/18/2022 23:59,1
3/19/2021 23:59,46
3/19/2022 11:59,15
3/2/2021 23:59,54
3/2/2022 11:59,152
3/2/2022 23:59,4
3/20/2021 23:59,3
3/20/2022 11:59,18
3/21/2022 11:59,198
3/22/2021 23:59,30
3/22/2022 11:59,255
3/22/2022 23:59,1
3/23/2021 23:59,76
3/23/2022 11:59,171
3/23/2022 23:59,6
3/24/2021 23:59,56
3/24/2022 11:59,207
3/24/2022 23:59,2
3/25/2021 23:59,14
3/25/2022 11:59,173
3/25/2022 23:59,1
3/26/2021 23:59,34
3/26/2022 11:59,11
3/27/2021 23:59,3
3/27/2022 11:59,7
3/28/2022 11:59,177
3/28/2022 23:59,5
3/29/2021 23:59,23
3/29/2022 11:59,458
3/29/2022 23:59,294
3/3/2021 23:59,57
3/3/2022 11:59,218
3/3/2022 23:59,3
3/30/2021 23:59,23
3/30/2022 11:59,200
3/30/2022 23:59,9
3/31/2021 23:59,90
3/31/2022 23:59,6
3/4/2021 23:59,66
3/4/2022 11:59,184
3/4/2022 23:59,1
3/5/2021 23:59,63
3/5/2022 11:59,14
3/6/2021 23:59,3
3/6/2022 11:59,5
3/7/2021 23:59,8
3/7/2022 11:59,190
3/7/2022 23:59,2
3/8/2021 23:59,29
3/8/2022 11:59,147
3/9/2021 23:59,30
3/9/2022 11:59,162
3/9/2022 23:59,1
4/1/2021 23:59,36
4/1/2022 11:59,179
4/1/2022 23:59,1
4/10/2021 23:59,2
4/10/2022 11:59,258
4/10/2022 23:59,6
4/11/2021 23:59,2
4/11/2022 11:59,343
4/12/2021 23:59,69
4/12/2022 11:59,153
4/12/2022 23:59,3
4/13/2021 23:59,65
4/13/2022 11:59,122
4/13/2022 23:59,4
4/14/2021 23:59,56
4/14/2022 11:59,198
4/14/2022 23:59,3
4/15/2021 23:59,44
4/15/2022 11:59,1173
4/15/2022 23:59,3
4/16/2021 23:59,184
4/16/2022 11:59,1086
4/17/2021 23:59,6
4/17/2022 11:59,65
4/18/2021 23:59,2
4/18/2022 11:59,792
4/18/2022 23:59,1
4/19/2021 23:59,54
4/19/2022 11:59,170
4/19/2022 23:59,4
4/2/2021 23:59,46
4/2/2022 11:59,27
4/20/2021 23:59,86
4/20/2022 11:59,293
4/20/2022 23:59,2
4/21/2021 23:59,76
4/21/2022 11:59,328
4/21/2022 23:59,7
4/22/2021 23:59,89
4/22/2022 11:59,1190
4/22/2022 23:59,1
4/23/2021 23:59,92
4/23/2022 11:59,929
4/24/2021 23:59,9
4/24/2022 11:59,15
4/25/2021 23:59,5
4/25/2022 11:59,464
4/25/2022 23:59,1
4/26/2021 23:59,40
4/26/2022 11:59,359
4/26/2022 23:59,3
4/27/2021 23:59,52
4/27/2022 11:59,640
4/27/2022 23:59,17
4/28/2021 23:59,79
4/28/2022 11:59,543
4/28/2022 23:59,18
4/29/2021 23:59,66
4/29/2022 11:59,1243
4/29/2022 23:59,6
4/3/2021 23:59,1
4/3/2022 11:59,10
4/30/2021 23:59,58
4/30/2022 23:59,1
4/4/2022 11:59,563
4/5/2021 23:59,26
4/5/2022 11:59,567
4/6/2021 23:59,62
4/6/2022 11:59,370
4/6/2022 23:59,1
4/7/2021 23:59,37
4/7/2022 11:59,231
4/8/2021 23:59,109
4/8/2022 11:59,867
4/9/2021 23:59,56
4/9/2022 11:59,259
5/1/2021 23:59,3
5/1/2022 23:59,11
5/10/2021 23:59,48
5/10/2022 23:59,422
5/11/2021 23:59,59
5/11/2022 23:59,403
5/12/2021 23:59,74
5/12/2022 23:59,1144
5/13/2021 23:59,60
5/13/2022 23:59,1363
5/14/2021 23:59,85
5/14/2022 23:59,1221
5/15/2021 23:59,2
5/15/2022 23:59,5
5/16/2021 23:59,8
5/16/2022 23:59,835
5/17/2021 23:59,63
5/17/2022 23:59,624
5/18/2021 23:59,62
5/18/2022 23:59,566
5/19/2021 23:59,89
5/19/2022 23:59,516
5/2/2021 23:59,8
5/2/2022 23:59,480
5/20/2021 23:59,185
5/20/2022 23:59,1250
5/21/2021 23:59,283
5/21/2022 23:59,1051
5/22/2021 23:59,2
5/22/2022 23:59,20
5/23/2021 23:59,14
5/23/2022 23:59,176
5/24/2021 23:59,44
5/24/2022 23:59,318
5/25/2021 23:59,85
5/25/2022 23:59,472
5/26/2021 23:59,107
5/26/2022 23:59,209
5/27/2021 23:59,79
5/27/2022 23:59,1164
5/28/2021 23:59,49
5/28/2022 23:59,1257
5/29/2021 23:59,30
5/29/2022 23:59,9
5/3/2021 23:59,30
5/3/2022 23:59,495
5/30/2021 23:59,41
5/30/2022 23:59,191
5/31/2021 23:59,20
5/31/2022 23:59,6
5/4/2021 23:59,50
5/4/2022 23:59,2820
5/5/2021 23:59,46
5/5/2022 23:59,593
5/6/2021 23:59,52
5/6/2022 23:59,1040
5/7/2021 23:59,63
5/7/2022 23:59,1001
5/8/2022 23:59,19
5/9/2021 23:59,1
5/9/2022 23:59,418
6/1/2021 11:59,41
6/1/2022 23:59,265
6/10/2021 11:59,60
6/10/2022 23:59,1181
6/11/2021 11:59,54
6/11/2022 23:59,999
6/12/2021 11:59,7
6/12/2022 23:59,10
6/13/2021 11:59,1
6/13/2022 23:59,470
6/14/2021 11:59,27
6/14/2022 23:59,484
6/15/2021 11:59,96
6/15/2021 23:59,44
6/15/2022 23:59,808
6/16/2021 11:59,228
6/16/2022 23:59,417
6/17/2021 11:59,213
6/17/2022 23:59,1727
6/18/2021 11:59,51
6/18/2022 23:59,1719
6/19/2021 11:59,2
6/19/2022 23:59,5
6/2/2021 11:59,84
6/2/2022 23:59,221
6/20/2021 11:59,7
6/20/2022 23:59,11
6/21/2021 11:59,87
6/21/2022 23:59,326
6/22/2021 11:59,95
6/22/2022 23:59,582
6/23/2021 11:59,95
6/23/2022 23:59,558
6/24/2021 11:59,156
6/24/2022 23:59,1443
6/25/2021 11:59,185
6/25/2022 23:59,1405
6/26/2021 11:59,19
6/26/2022 23:59,23
6/27/2021 11:59,6
6/27/2022 23:59,191
6/28/2021 11:59,61
6/28/2022 23:59,660
6/29/2021 11:59,95
6/29/2022 23:59,406
6/3/2021 11:59,92
6/3/2022 23:59,1225
6/4/2021 11:59,92
6/4/2022 23:59,1012
6/5/2021 11:59,15
6/5/2022 23:59,5
6/6/2021 11:59,7
6/6/2022 23:59,252
6/7/2021 11:59,55
6/7/2022 23:59,372
6/8/2021 11:59,118
6/8/2022 23:59,271
6/9/2021 11:59,61
6/9/2022 23:59,348
7/1/2021 11:59,136
7/1/2021 23:59,2
7/1/2022 23:59,1245
7/10/2021 11:59,9
7/10/2022 23:59,242
7/11/2021 11:59,10
7/11/2022 23:59,2388
7/12/2021 11:59,139
7/12/2022 23:59,2161
7/13/2021 11:59,99
7/13/2021 23:59,8
7/13/2022 23:59,826
7/14/2021 11:59,221
7/14/2021 23:59,9
7/14/2022 23:59,453
7/15/2021 11:59,338
7/15/2021 23:59,67
7/15/2022 23:59,1593
7/16/2021 11:59,148
7/16/2021 23:59,1
7/16/2022 23:59,1443
7/17/2021 11:59,9
7/17/2022 23:59,293
7/18/2021 11:59,6
7/18/2022 23:59,325
7/19/2021 11:59,127
7/19/2021 23:59,5
7/19/2022 23:59,1516
7/2/2021 11:59,246
7/2/2022 23:59,1489
7/20/2021 11:59,458
7/20/2021 23:59,66
7/20/2022 23:59,1119
7/21/2021 11:59,165
7/21/2021 23:59,3
7/21/2022 23:59,2011
7/22/2021 11:59,331
7/22/2021 23:59,4
7/22/2022 23:59,1356
7/23/2021 11:59,83
7/23/2021 23:59,2
7/23/2022 23:59,1366
7/24/2021 11:59,5
7/24/2021 23:59,1
7/24/2022 23:59,279
7/25/2022 23:59,323
7/26/2021 11:59,187
7/26/2022 23:59,1552
7/27/2021 11:59,187
7/27/2021 23:59,6
7/27/2022 23:59,1453
7/28/2021 11:59,104
7/28/2021 23:59,4
7/28/2022 23:59,1476
7/29/2021 11:59,227
7/29/2021 23:59,6
7/29/2022 23:59,2045
7/3/2021 11:59,90
7/3/2022 23:59,352
7/30/2021 11:59,131
7/30/2021 23:59,4
7/30/2022 23:59,1433
7/31/2021 23:59,1
7/31/2022 23:59,2
7/4/2021 11:59,1416
7/4/2022 23:59,6965
7/5/2021 11:59,3
7/5/2022 23:59,492
7/6/2021 11:59,96
7/6/2021 23:59,16
7/6/2022 23:59,236
7/7/2021 11:59,115
7/7/2021 23:59,16
7/7/2022 23:59,595
7/8/2021 11:59,107
7/8/2021 23:59,85
7/8/2022 23:59,1367
7/9/2021 11:59,106
7/9/2022 23:59,1364
8/1/2021 23:59,1
8/1/2022 23:59,309
8/10/2021 11:59,61
8/10/2021 23:59,9
8/10/2022 23:59,760
8/11/2021 11:59,68
8/11/2021 23:59,56
8/11/2022 23:59,2163
8/12/2021 11:59,142
8/12/2021 23:59,2
8/12/2022 23:59,2184
8/13/2021 11:59,75
8/13/2021 23:59,2
8/13/2022 23:59,1360
8/14/2022 23:59,262
8/15/2021 11:59,2
8/15/2022 23:59,202
8/16/2021 11:59,28
8/16/2021 23:59,2
8/16/2022 23:59,1398
8/17/2021 11:59,97
8/17/2021 23:59,3
8/17/2022 23:59,1293
8/18/2021 11:59,117
8/18/2021 23:59,4
8/18/2022 23:59,1329
8/19/2021 11:59,47
8/19/2021 23:59,3
8/19/2022 23:59,1203
8/2/2021 11:59,95
8/2/2022 23:59,1186
8/20/2021 11:59,74
8/20/2022 23:59,1563
8/21/2021 11:59,2
8/21/2022 23:59,255
8/22/2021 11:59,9
8/22/2022 23:59,222
8/23/2021 11:59,124
8/23/2021 23:59,4
8/23/2022 23:59,1309
8/24/2021 11:59,59
8/24/2022 23:59,1204
8/25/2021 11:59,184
8/25/2021 23:59,2
8/25/2022 23:59,1248
8/26/2021 11:59,60
8/26/2022 23:59,1263
8/27/2021 11:59,127
8/27/2021 23:59,1
8/27/2022 23:59,1235
8/28/2021 11:59,6
8/28/2022 23:59,202
8/29/2021 11:59,4
8/29/2022 23:59,328
8/3/2021 11:59,51
8/3/2021 23:59,2
8/3/2022 23:59,1450
8/30/2021 11:59,37
8/30/2022 23:59,1297
8/31/2021 23:59,1
8/31/2022 23:59,8
8/4/2021 11:59,108
8/4/2021 23:59,5
8/4/2022 23:59,1329
8/5/2021 11:59,264
8/5/2021 23:59,2
8/5/2021 9:30,10
8/5/2022 23:59,1347
8/6/2021 11:59,54
8/6/2021 23:59,5
8/6/2022 23:59,1573
8/7/2022 23:59,282
8/8/2021 11:59,16
8/8/2022 23:59,197
8/9/2021 11:59,44
8/9/2021 23:59,9
8/9/2022 23:59,1074
9/1/2021 11:59,92
9/1/2021 23:59,3
9/1/2022 23:59,1247
9/10/2021 11:59,54
9/10/2021 23:59,2
9/10/2022 23:59,1380
9/11/2021 11:59,2
9/11/2022 23:59,243
9/12/2022 23:59,401
9/13/2021 11:59,60
9/13/2022 23:59,6295
9/14/2021 11:59,110
9/14/2021 23:59,1
9/14/2022 23:59,742
9/15/2021 11:59,88
9/15/2021 23:59,2
9/15/2022 23:59,1000
9/16/2021 11:59,69
9/16/2022 23:59,1528
9/17/2021 11:59,94
9/17/2021 23:59,2
9/17/2022 23:59,1423
9/18/2021 11:59,1
9/18/2022 23:59,254
9/19/2021 11:59,2
9/19/2022 23:59,249
9/2/2021 11:59,73
9/2/2021 23:59,4
9/2/2022 23:59,1248
9/20/2021 11:59,92
9/20/2021 23:59,165
9/20/2022 23:59,1538
9/21/2021 11:59,164
9/21/2021 23:59,5
9/21/2022 23:59,1442
9/22/2021 11:59,228
9/22/2021 23:59,2
9/22/2022 23:59,1766
9/23/2021 11:59,156
9/23/2021 23:59,5
9/23/2022 23:59,2164
9/24/2021 11:59,284
9/24/2022 23:59,2819
9/25/2021 11:59,24
9/25/2022 23:59,260
9/26/2021 11:59,6
9/26/2022 23:59,761
9/27/2021 11:59,79
9/27/2021 23:59,124
9/27/2022 23:59,1763
9/28/2021 11:59,148
9/28/2021 23:59,3
9/28/2022 23:59,828
9/29/2021 11:59,93
9/29/2021 23:59,1
9/29/2022 23:59,2093
9/3/2021 11:59,57
9/3/2021 23:59,1
9/3/2022 23:59,1314
9/30/2021 23:59,7
9/30/2022 23:59,48
9/4/2021 11:59,3
9/4/2022 23:59,256
9/5/2021 11:59,1
9/5/2022 23:59,8
9/6/2021 11:59,7
9/6/2022 23:59,1281
9/7/2021 11:59,28
9/7/2021 23:59,1
9/7/2022 23:59,546
9/8/2021 11:59,172
9/8/2021 23:59,1
9/8/2022 23:59,1220
9/9/2021 11:59,140
9/9/2021 23:59,1
9/9/2021 4:00,1
9/9/2022 23:59,1137
