TODConverted,n
2021-01-21 05:53:00,1
2021-01-21 09:22:00,1
2021-01-21 10:25:00,1
2021-01-21 11:19:00,1
2021-01-21 11:38:00,4
2021-01-21 11:39:00,2
2021-01-21 11:42:00,1
2021-01-21 12:38:00,1
2021-01-21 12:47:00,1
2021-01-21 14:26:00,1
2021-01-21 16:01:00,1
2021-01-21 17:10:00,1
2021-01-21 18:07:00,1
2021-01-21 18:42:00,2
2021-01-22 08:34:00,1
2021-01-22 12:33:00,2
2021-01-22 13:18:00,1
2021-01-22 13:19:00,4
2021-01-22 13:22:00,1
2021-01-22 13:24:00,1
2021-01-22 13:28:00,2
2021-01-22 13:29:00,2
2021-01-22 14:45:00,1
2021-01-22 15:30:00,1
2021-01-22 16:27:00,2
2021-01-24 14:59:00,1
2021-01-25 08:17:00,1
2021-01-25 08:18:00,1
2021-01-25 09:05:00,2
2021-01-25 09:10:00,3
2021-01-25 09:11:00,1
2021-01-25 09:20:00,2
2021-01-25 10:31:00,2
2021-01-25 11:13:00,1
2021-01-25 11:22:00,1
2021-01-25 12:15:00,1
2021-01-25 12:27:00,2
2021-01-25 12:37:00,1
2021-01-25 12:38:00,4
2021-01-25 12:39:00,1
2021-01-25 12:45:00,1
2021-01-25 13:37:00,1
2021-01-25 14:46:00,1
2021-01-25 15:00:00,1
2021-01-26 09:26:00,1
2021-01-26 10:26:00,1
2021-01-26 10:27:00,3
2021-01-26 10:35:00,1
2021-01-26 10:51:00,1
2021-01-26 11:45:00,3
2021-01-26 11:46:00,1
2021-01-26 11:59:00,1
2021-01-26 14:48:00,1
2021-01-26 15:35:00,1
2021-01-26 17:11:00,2
2021-01-27 09:37:00,3
2021-01-27 09:51:00,1
2021-01-27 10:29:00,1
2021-01-27 11:19:00,1
2021-01-27 11:26:00,1
2021-01-27 12:53:00,1
2021-01-27 13:57:00,1
2021-01-27 16:36:00,2
2021-01-27 16:45:00,1
2021-01-27 16:51:00,1
2021-01-27 17:55:00,1
2021-01-28 10:10:00,1
2021-01-28 11:32:00,1
2021-01-28 13:20:00,1
2021-01-28 14:00:00,1
2021-01-28 14:09:00,1
2021-01-28 15:02:00,1
2021-01-28 15:04:00,1
2021-01-28 15:56:00,1
2021-01-28 16:53:00,2
2021-01-28 16:54:00,1
2021-01-28 17:33:00,1
2021-01-28 17:44:00,1
2021-01-28 19:00:00,1
2021-01-28 19:01:00,1
2021-01-29 08:31:00,1
2021-01-29 11:04:00,1
2021-01-29 11:36:00,1
2021-01-29 11:59:00,1
2021-01-29 12:40:00,1
2021-01-29 13:17:00,2
2021-01-29 13:27:00,1
2021-01-29 14:27:00,1
2021-01-29 15:17:00,1
2021-01-29 17:15:00,1
2021-01-29 17:16:00,1
2021-01-29 19:36:00,2
2021-01-29 19:37:00,1
2021-01-30 11:06:00,4
2021-01-31 13:58:00,1
2021-01-31 17:56:00,1
2021-02-01 09:46:00,1
2021-02-01 12:43:00,1
2021-02-01 13:20:00,1
2021-02-01 14:44:00,1
2021-02-01 17:10:00,1
2021-02-01 17:13:00,2
2021-02-01 17:14:00,1
2021-02-01 17:21:00,1
2021-02-01 17:42:00,1
2021-02-02 09:39:00,3
2021-02-02 10:27:00,1
2021-02-02 12:36:00,1
2021-02-02 15:01:00,4
2021-02-02 15:04:00,1
2021-02-02 15:17:00,1
2021-02-02 17:26:00,3
2021-02-02 18:53:00,1
2021-02-03 08:29:00,1
2021-02-03 08:49:00,1
2021-02-03 09:03:00,1
2021-02-03 10:18:00,1
2021-02-03 11:00:00,1
2021-02-03 11:34:00,1
2021-02-03 12:18:00,2
2021-02-03 12:40:00,1
2021-02-03 13:31:00,1
2021-02-03 14:04:00,2
2021-02-03 14:39:00,1
2021-02-03 14:44:00,1
2021-02-03 14:58:00,2
2021-02-03 15:23:00,1
2021-02-03 15:31:00,1
2021-02-03 16:48:00,1
2021-02-03 17:14:00,1
2021-02-03 17:19:00,2
2021-02-03 17:31:00,2
2021-02-03 17:32:00,1
2021-02-04 08:22:00,1
2021-02-04 08:25:00,1
2021-02-04 08:37:00,1
2021-02-04 08:43:00,1
2021-02-04 08:59:00,1
2021-02-04 09:20:00,1
2021-02-04 09:36:00,1
2021-02-04 09:49:00,1
2021-02-04 10:14:00,1
2021-02-04 11:08:00,2
2021-02-04 11:20:00,1
2021-02-04 11:39:00,1
2021-02-04 11:44:00,1
2021-02-04 11:50:00,1
2021-02-04 11:53:00,1
2021-02-04 12:00:00,1
2021-02-04 12:23:00,1
2021-02-04 13:24:00,1
2021-02-04 13:39:00,1
2021-02-04 14:01:00,1
2021-02-04 14:09:00,2
2021-02-04 14:33:00,1
2021-02-04 15:15:00,1
2021-02-04 17:47:00,1
2021-02-04 17:48:00,2
2021-02-04 17:50:00,2
2021-02-04 17:51:00,1
2021-02-04 19:32:00,2
2021-02-04 19:38:00,1
2021-02-05 09:09:00,1
2021-02-05 09:30:00,1
2021-02-05 09:52:00,1
2021-02-05 10:28:00,1
2021-02-05 10:45:00,1
2021-02-05 11:04:00,1
2021-02-05 11:35:00,1
2021-02-05 11:50:00,1
2021-02-05 12:05:00,1
2021-02-05 12:45:00,1
2021-02-05 12:52:00,1
2021-02-05 13:17:00,1
2021-02-05 13:54:00,1
2021-02-05 14:00:00,1
2021-02-05 14:02:00,1
2021-02-05 14:11:00,1
2021-02-05 14:24:00,1
2021-02-05 14:29:00,1
2021-02-05 14:31:00,1
2021-02-05 14:59:00,1
2021-02-05 15:27:00,1
2021-02-05 17:32:00,1
2021-02-05 18:14:00,1
2021-02-05 18:15:00,2
2021-02-07 16:41:00,1
2021-02-08 08:58:00,1
2021-02-08 09:08:00,1
2021-02-08 09:30:00,1
2021-02-08 11:18:00,1
2021-02-08 12:50:00,1
2021-02-08 12:51:00,3
2021-02-08 14:42:00,1
2021-02-08 15:29:00,1
2021-02-09 08:05:00,1
2021-02-09 09:48:00,1
2021-02-09 10:02:00,2
2021-02-09 10:30:00,1
2021-02-09 11:04:00,1
2021-02-09 12:48:00,1
2021-02-09 12:49:00,1
2021-02-09 12:54:00,2
2021-02-09 13:12:00,1
2021-02-09 13:28:00,1
2021-02-09 13:30:00,1
2021-02-09 13:41:00,2
2021-02-09 14:08:00,2
2021-02-09 14:20:00,1
2021-02-09 14:29:00,1
2021-02-09 15:26:00,1
2021-02-09 15:29:00,1
2021-02-09 16:00:00,1
2021-02-09 19:37:00,1
2021-02-10 11:34:00,1
2021-02-10 12:51:00,1
2021-02-10 13:15:00,1
2021-02-10 15:55:00,1
2021-02-10 17:13:00,1
2021-02-11 08:20:00,3
2021-02-11 08:29:00,1
2021-02-11 08:40:00,1
2021-02-11 08:41:00,1
2021-02-11 09:05:00,1
2021-02-11 10:31:00,1
2021-02-11 11:31:00,1
2021-02-11 12:36:00,2
2021-02-11 13:32:00,1
2021-02-11 13:46:00,2
2021-02-11 14:03:00,1
2021-02-11 14:20:00,1
2021-02-11 14:24:00,1
2021-02-11 14:40:00,1
2021-02-11 15:00:00,1
2021-02-11 15:03:00,3
2021-02-11 15:48:00,1
2021-02-11 17:05:00,1
2021-02-11 18:15:00,1
2021-02-12 08:31:00,1
2021-02-12 10:01:00,1
2021-02-12 10:50:00,1
2021-02-12 11:20:00,2
2021-02-12 11:58:00,1
2021-02-12 12:23:00,1
2021-02-12 12:30:00,1
2021-02-12 13:04:00,1
2021-02-12 13:07:00,2
2021-02-12 13:17:00,1
2021-02-12 13:21:00,1
2021-02-12 13:22:00,1
2021-02-12 13:50:00,1
2021-02-12 13:54:00,2
2021-02-12 14:17:00,1
2021-02-12 14:18:00,1
2021-02-12 14:30:00,1
2021-02-12 14:39:00,1
2021-02-12 14:40:00,2
2021-02-12 15:39:00,1
2021-02-12 15:40:00,1
2021-02-13 12:18:00,1
2021-02-14 15:23:00,1
2021-02-15 15:35:00,1
2021-02-16 08:29:00,1
2021-02-16 09:35:00,1
2021-02-16 10:29:00,1
2021-02-16 10:41:00,1
2021-02-16 11:16:00,1
2021-02-16 11:18:00,1
2021-02-16 11:29:00,1
2021-02-16 11:30:00,1
2021-02-16 12:49:00,1
2021-02-16 13:04:00,1
2021-02-16 13:23:00,1
2021-02-16 13:26:00,1
2021-02-16 14:26:00,2
2021-02-16 14:51:00,1
2021-02-16 17:26:00,2
2021-02-16 22:23:00,1
2021-02-16 22:52:00,1
2021-02-17 08:00:00,1
2021-02-17 08:01:00,2
2021-02-17 11:10:00,1
2021-02-17 12:07:00,1
2021-02-17 13:33:00,1
2021-02-17 13:38:00,1
2021-02-17 14:15:00,1
2021-02-17 14:18:00,1
2021-02-17 14:25:00,1
2021-02-17 14:26:00,1
2021-02-17 15:25:00,1
2021-02-17 16:00:00,1
2021-02-17 16:14:00,1
2021-02-17 16:24:00,1
2021-02-17 16:38:00,1
2021-02-17 17:11:00,2
2021-02-17 17:36:00,1
2021-02-17 17:54:00,1
2021-02-17 17:55:00,3
2021-02-17 17:56:00,2
2021-02-19 10:29:00,1
2021-02-19 11:13:00,1
2021-02-19 11:29:00,1
2021-02-19 11:32:00,1
2021-02-19 11:36:00,1
2021-02-19 12:21:00,2
2021-02-19 12:22:00,1
2021-02-19 12:38:00,2
2021-02-19 13:53:00,1
2021-02-19 13:59:00,1
2021-02-19 14:01:00,1
2021-02-19 14:34:00,1
2021-02-19 15:39:00,1
2021-02-19 15:54:00,1
2021-02-19 16:04:00,1
2021-02-19 17:45:00,1
2021-02-19 21:03:00,2
2021-02-19 21:04:00,4
2021-02-19 21:05:00,3
2021-02-19 21:07:00,2
2021-02-20 17:10:00,2
2021-02-20 17:25:00,1
2021-02-20 17:32:00,1
2021-02-20 17:53:00,2
2021-02-20 18:04:00,1
2021-02-20 18:48:00,1
2021-02-20 18:51:00,1
2021-02-20 18:53:00,1
2021-02-20 18:56:00,2
2021-02-20 18:58:00,2
2021-02-22 08:25:00,1
2021-02-22 08:35:00,1
2021-02-22 09:10:00,1
2021-02-22 09:14:00,1
2021-02-22 09:36:00,1
2021-02-22 09:42:00,1
2021-02-22 10:54:00,1
2021-02-22 12:01:00,1
2021-02-22 12:15:00,1
2021-02-22 12:20:00,1
2021-02-22 13:22:00,1
2021-02-22 13:46:00,2
2021-02-22 16:08:00,1
2021-02-22 18:04:00,1
2021-02-22 19:10:00,1
2021-02-23 09:07:00,1
2021-02-23 09:38:00,1
2021-02-23 10:00:00,1
2021-02-23 10:19:00,1
2021-02-23 10:50:00,1
2021-02-23 10:54:00,1
2021-02-23 12:33:00,1
2021-02-23 12:48:00,4
2021-02-23 12:49:00,1
2021-02-23 12:50:00,2
2021-02-23 12:51:00,2
2021-02-23 12:52:00,4
2021-02-23 12:53:00,3
2021-02-23 13:29:00,1
2021-02-23 15:10:00,1
2021-02-23 15:27:00,2
2021-02-23 15:28:00,1
2021-02-23 16:27:00,1
2021-02-23 18:23:00,1
2021-02-24 08:15:00,1
2021-02-24 09:36:00,1
2021-02-24 10:23:00,2
2021-02-24 10:49:00,2
2021-02-24 12:08:00,1
2021-02-24 12:10:00,1
2021-02-24 12:41:00,1
2021-02-24 13:33:00,1
2021-02-24 13:36:00,1
2021-02-24 13:38:00,1
2021-02-24 13:53:00,1
2021-02-24 15:01:00,1
2021-02-24 17:09:00,1
2021-02-24 17:17:00,1
2021-02-24 18:05:00,1
2021-02-24 20:00:00,1
2021-02-25 08:26:00,1
2021-02-25 09:29:00,2
2021-02-25 10:04:00,1
2021-02-25 10:44:00,1
2021-02-25 10:50:00,1
2021-02-25 12:30:00,1
2021-02-25 12:51:00,1
2021-02-25 13:05:00,1
2021-02-25 13:27:00,1
2021-02-25 13:28:00,1
2021-02-25 13:41:00,1
2021-02-25 14:21:00,1
2021-02-25 14:40:00,1
2021-02-25 14:46:00,1
2021-02-25 15:47:00,2
2021-02-25 15:55:00,3
2021-02-25 15:56:00,1
2021-02-25 16:03:00,1
2021-02-25 16:10:00,1
2021-02-25 17:50:00,1
2021-02-25 17:56:00,1
2021-02-25 22:37:00,1
2021-02-26 10:06:00,2
2021-02-26 10:40:00,1
2021-02-26 10:43:00,1
2021-02-26 11:57:00,1
2021-02-26 12:15:00,1
2021-02-26 12:34:00,1
2021-02-26 13:30:00,1
2021-02-26 14:00:00,1
2021-02-26 14:33:00,1
2021-02-26 15:01:00,1
2021-02-26 15:17:00,1
2021-03-01 00:00:00,15
2021-03-02 00:00:00,23
2021-03-03 00:00:00,20
2021-03-04 00:00:00,16
2021-03-05 00:00:00,39
2021-03-06 00:00:00,2
2021-03-07 00:00:00,4
2021-03-08 00:00:00,13
2021-03-09 00:00:00,18
2021-03-10 00:00:00,26
2021-03-11 00:00:00,25
2021-03-12 00:00:00,21
2021-03-13 00:00:00,2
2021-03-15 00:00:00,15
2021-03-16 00:00:00,20
2021-03-17 00:00:00,12
2021-03-18 00:00:00,26
2021-03-19 00:00:00,16
2021-03-20 00:00:00,1
2021-03-22 00:00:00,9
2021-03-23 00:00:00,30
2021-03-24 00:00:00,20
2021-03-25 00:00:00,7
2021-03-26 00:00:00,13
2021-03-27 00:00:00,1
2021-03-29 00:00:00,9
2021-03-30 00:00:00,15
2021-03-31 00:00:00,42
2021-04-01 10:40:00,1
2021-04-01 10:54:00,1
2021-04-01 11:18:00,1
2021-04-01 11:31:00,1
2021-04-01 12:08:00,1
2021-04-01 13:20:00,1
2021-04-01 14:14:00,1
2021-04-01 15:09:00,1
2021-04-01 15:21:00,1
2021-04-01 16:40:00,1
2021-04-01 17:11:00,1
2021-04-01 17:36:00,1
2021-04-01 20:46:00,1
2021-04-02 10:14:00,1
2021-04-02 10:41:00,1
2021-04-02 10:56:00,1
2021-04-02 11:04:00,3
2021-04-02 11:17:00,2
2021-04-02 11:56:00,2
2021-04-02 12:15:00,1
2021-04-02 12:20:00,1
2021-04-02 13:44:00,1
2021-04-02 14:25:00,1
2021-04-02 15:30:00,1
2021-04-02 17:00:00,1
2021-04-02 22:43:00,1
2021-04-05 10:26:00,1
2021-04-05 11:39:00,2
2021-04-05 12:38:00,1
2021-04-05 13:27:00,1
2021-04-05 13:28:00,1
2021-04-05 14:49:00,1
2021-04-05 15:07:00,1
2021-04-05 17:05:00,1
2021-04-05 17:41:00,1
2021-04-06 12:02:00,1
2021-04-06 13:12:00,1
2021-04-06 13:13:00,1
2021-04-06 13:18:00,2
2021-04-06 13:26:00,1
2021-04-06 13:55:00,1
2021-04-06 14:13:00,2
2021-04-06 14:14:00,1
2021-04-06 14:16:00,1
2021-04-06 14:17:00,3
2021-04-06 14:23:00,1
2021-04-06 14:31:00,1
2021-04-06 15:27:00,1
2021-04-06 16:40:00,3
2021-04-06 16:42:00,1
2021-04-06 18:23:00,3
2021-04-07 10:08:00,1
2021-04-07 10:16:00,1
2021-04-07 10:46:00,1
2021-04-07 11:56:00,1
2021-04-07 12:02:00,1
2021-04-07 13:42:00,2
2021-04-07 13:55:00,1
2021-04-07 14:35:00,1
2021-04-07 14:44:00,1
2021-04-07 15:32:00,1
2021-04-07 15:44:00,1
2021-04-07 16:11:00,1
2021-04-07 17:07:00,1
2021-04-07 17:27:00,1
2021-04-07 17:40:00,1
2021-04-08 09:04:00,1
2021-04-08 09:35:00,1
2021-04-08 10:23:00,2
2021-04-08 11:29:00,1
2021-04-08 11:43:00,2
2021-04-08 11:44:00,2
2021-04-08 11:45:00,3
2021-04-08 12:50:00,2
2021-04-08 13:06:00,1
2021-04-08 13:07:00,1
2021-04-08 13:09:00,1
2021-04-08 13:17:00,1
2021-04-08 13:41:00,1
2021-04-08 13:51:00,1
2021-04-08 13:55:00,1
2021-04-08 14:10:00,2
2021-04-08 14:11:00,1
2021-04-08 14:16:00,1
2021-04-08 14:44:00,1
2021-04-08 14:54:00,1
2021-04-08 15:18:00,1
2021-04-08 15:19:00,1
2021-04-08 15:34:00,1
2021-04-08 16:28:00,1
2021-04-08 17:16:00,5
2021-04-08 18:27:00,1
2021-04-09 09:21:00,1
2021-04-09 09:32:00,2
2021-04-09 10:27:00,1
2021-04-09 10:37:00,1
2021-04-09 10:56:00,1
2021-04-09 11:10:00,2
2021-04-09 11:14:00,1
2021-04-09 11:23:00,1
2021-04-09 11:50:00,1
2021-04-09 12:11:00,2
2021-04-09 12:34:00,1
2021-04-09 12:41:00,1
2021-04-09 12:44:00,1
2021-04-09 13:13:00,1
2021-04-09 13:27:00,1
2021-04-09 13:38:00,1
2021-04-09 13:56:00,1
2021-04-09 13:57:00,1
2021-04-09 13:59:00,1
2021-04-09 14:52:00,2
2021-04-09 15:34:00,2
2021-04-09 15:41:00,1
2021-04-09 15:54:00,2
2021-04-09 16:36:00,1
2021-04-09 17:19:00,1
2021-04-09 20:41:00,1
2021-04-11 10:42:00,1
2021-04-11 16:06:00,1
2021-04-12 09:33:00,1
2021-04-12 12:20:00,1
2021-04-12 12:22:00,1
2021-04-12 12:27:00,1
2021-04-12 13:05:00,1
2021-04-12 13:50:00,1
2021-04-12 13:51:00,1
2021-04-12 13:57:00,1
2021-04-12 13:58:00,1
2021-04-12 14:04:00,3
2021-04-12 14:12:00,1
2021-04-12 14:17:00,1
2021-04-12 15:27:00,1
2021-04-12 15:36:00,1
2021-04-12 16:44:00,1
2021-04-12 16:52:00,1
2021-04-12 17:44:00,3
2021-04-12 18:07:00,1
2021-04-12 20:17:00,3
2021-04-12 20:18:00,2
2021-04-12 20:19:00,1
2021-04-12 23:14:00,1
2021-04-12 23:15:00,2
2021-04-13 09:08:00,1
2021-04-13 09:21:00,1
2021-04-13 09:22:00,1
2021-04-13 10:02:00,1
2021-04-13 11:49:00,2
2021-04-13 11:50:00,1
2021-04-13 12:12:00,1
2021-04-13 12:17:00,1
2021-04-13 13:09:00,1
2021-04-13 13:14:00,2
2021-04-13 13:33:00,1
2021-04-13 13:38:00,1
2021-04-13 13:42:00,1
2021-04-13 13:43:00,3
2021-04-13 13:54:00,1
2021-04-13 13:55:00,1
2021-04-13 15:46:00,1
2021-04-13 15:48:00,1
2021-04-13 18:25:00,1
2021-04-13 18:28:00,1
2021-04-13 19:18:00,1
2021-04-14 09:50:00,1
2021-04-14 09:56:00,1
2021-04-14 10:38:00,1
2021-04-14 10:39:00,1
2021-04-14 13:11:00,1
2021-04-14 13:35:00,1
2021-04-14 14:05:00,1
2021-04-14 14:06:00,1
2021-04-14 14:15:00,1
2021-04-14 14:48:00,2
2021-04-14 15:18:00,1
2021-04-14 15:50:00,1
2021-04-14 16:19:00,1
2021-04-14 16:59:00,1
2021-04-14 17:08:00,1
2021-04-14 17:09:00,6
2021-04-14 17:16:00,2
2021-04-14 21:29:00,1
2021-04-15 11:22:00,1
2021-04-15 12:27:00,1
2021-04-15 13:06:00,1
2021-04-15 13:43:00,1
2021-04-15 14:07:00,1
2021-04-15 14:24:00,1
2021-04-15 14:48:00,1
2021-04-15 15:46:00,1
2021-04-15 15:49:00,1
2021-04-15 16:00:00,1
2021-04-15 16:18:00,1
2021-04-15 16:28:00,1
2021-04-15 16:38:00,1
2021-04-15 17:20:00,2
2021-04-15 20:59:00,1
2021-04-16 08:19:00,1
2021-04-16 09:05:00,1
2021-04-16 09:07:00,1
2021-04-16 09:26:00,1
2021-04-16 09:32:00,1
2021-04-16 09:45:00,1
2021-04-16 11:06:00,1
2021-04-16 11:29:00,1
2021-04-16 11:35:00,1
2021-04-16 11:42:00,1
2021-04-16 11:47:00,1
2021-04-16 11:59:00,1
2021-04-16 12:00:00,1
2021-04-16 12:14:00,1
2021-04-16 14:16:00,2
2021-04-16 16:20:00,1
2021-04-16 16:44:00,1
2021-04-16 17:41:00,2
2021-04-16 17:44:00,1
2021-04-16 18:12:00,1
2021-04-16 18:20:00,1
2021-04-16 18:53:00,1
2021-04-17 11:29:00,1
2021-04-17 13:14:00,1
2021-04-17 18:22:00,1
2021-04-19 09:19:00,1
2021-04-19 11:12:00,1
2021-04-19 11:29:00,1
2021-04-19 13:08:00,1
2021-04-19 13:12:00,1
2021-04-19 13:38:00,1
2021-04-19 14:31:00,1
2021-04-19 15:06:00,1
2021-04-19 15:26:00,1
2021-04-19 15:52:00,1
2021-04-19 16:38:00,1
2021-04-19 17:43:00,1
2021-04-20 10:25:00,1
2021-04-20 11:27:00,1
2021-04-20 12:03:00,1
2021-04-20 12:22:00,1
2021-04-20 12:41:00,1
2021-04-20 12:45:00,1
2021-04-20 13:05:00,1
2021-04-20 13:07:00,1
2021-04-20 13:47:00,1
2021-04-20 14:59:00,1
2021-04-20 15:08:00,1
2021-04-20 15:21:00,1
2021-04-20 15:36:00,1
2021-04-20 15:42:00,1
2021-04-20 15:44:00,1
2021-04-20 15:50:00,4
2021-04-20 15:51:00,2
2021-04-20 15:54:00,1
2021-04-20 15:55:00,2
2021-04-20 16:48:00,1
2021-04-20 17:20:00,1
2021-04-20 17:21:00,1
2021-04-20 17:31:00,1
2021-04-21 09:33:00,1
2021-04-21 09:45:00,1
2021-04-21 09:58:00,1
2021-04-21 12:46:00,1
2021-04-21 12:47:00,2
2021-04-21 13:02:00,1
2021-04-21 13:12:00,1
2021-04-21 14:07:00,1
2021-04-21 14:11:00,3
2021-04-21 14:42:00,2
2021-04-21 14:49:00,1
2021-04-21 14:55:00,2
2021-04-21 15:00:00,1
2021-04-21 15:06:00,2
2021-04-21 15:19:00,1
2021-04-21 15:26:00,1
2021-04-21 15:34:00,1
2021-04-21 15:57:00,4
2021-04-21 16:08:00,1
2021-04-21 16:34:00,1
2021-04-21 18:27:00,1
2021-04-22 08:42:00,1
2021-04-22 08:58:00,1
2021-04-22 09:09:00,1
2021-04-22 09:28:00,1
2021-04-22 10:28:00,2
2021-04-22 10:30:00,1
2021-04-22 11:41:00,1
2021-04-22 11:47:00,2
2021-04-22 12:07:00,1
2021-04-22 12:08:00,4
2021-04-22 12:16:00,1
2021-04-22 12:58:00,1
2021-04-22 13:00:00,1
2021-04-22 13:04:00,1
2021-04-22 14:06:00,1
2021-04-22 14:37:00,1
2021-04-22 15:34:00,1
2021-04-22 15:35:00,2
2021-04-22 15:39:00,1
2021-04-22 15:42:00,1
2021-04-22 15:44:00,1
2021-04-22 15:45:00,2
2021-04-22 16:01:00,1
2021-04-22 16:10:00,2
2021-04-22 16:22:00,1
2021-04-22 16:40:00,1
2021-04-22 16:53:00,2
2021-04-22 16:54:00,1
2021-04-22 18:06:00,1
2021-04-22 18:45:00,2
2021-04-23 09:42:00,1
2021-04-23 09:58:00,1
2021-04-23 10:21:00,1
2021-04-23 10:43:00,1
2021-04-23 10:51:00,1
2021-04-23 11:31:00,1
2021-04-23 11:42:00,1
2021-04-23 11:56:00,2
2021-04-23 11:57:00,1
2021-04-23 12:05:00,1
2021-04-23 12:08:00,1
2021-04-23 12:11:00,1
2021-04-23 12:13:00,1
2021-04-23 12:15:00,1
2021-04-23 12:24:00,2
2021-04-23 12:26:00,1
2021-04-23 12:29:00,1
2021-04-23 12:30:00,1
2021-04-23 12:34:00,1
2021-04-23 12:38:00,1
2021-04-23 12:47:00,1
2021-04-23 13:03:00,1
2021-04-23 13:04:00,1
2021-04-23 13:19:00,1
2021-04-23 13:46:00,1
2021-04-23 13:54:00,1
2021-04-23 14:10:00,1
2021-04-23 14:25:00,1
2021-04-23 14:28:00,1
2021-04-23 14:44:00,1
2021-04-23 14:52:00,2
2021-04-23 15:28:00,1
2021-04-23 16:40:00,2
2021-04-23 16:41:00,1
2021-04-23 16:42:00,1
2021-04-23 17:01:00,1
2021-04-23 17:12:00,1
2021-04-23 17:31:00,1
2021-04-23 18:08:00,1
2021-04-23 22:46:00,1
2021-04-24 13:55:00,2
2021-04-24 14:46:00,2
2021-04-25 10:03:00,1
2021-04-26 10:06:00,3
2021-04-26 10:07:00,1
2021-04-26 11:48:00,1
2021-04-26 12:27:00,1
2021-04-26 12:41:00,2
2021-04-26 13:33:00,1
2021-04-26 13:52:00,1
2021-04-26 14:01:00,1
2021-04-26 14:15:00,1
2021-04-26 14:27:00,1
2021-04-26 14:39:00,1
2021-04-26 15:01:00,1
2021-04-26 15:26:00,1
2021-04-26 15:27:00,1
2021-04-26 15:31:00,2
2021-04-26 17:37:00,3
2021-04-27 08:27:00,1
2021-04-27 08:52:00,1
2021-04-27 08:59:00,1
2021-04-27 09:03:00,3
2021-04-27 11:18:00,2
2021-04-27 12:29:00,2
2021-04-27 12:39:00,1
2021-04-27 13:03:00,1
2021-04-27 13:36:00,1
2021-04-27 13:51:00,1
2021-04-27 14:16:00,1
2021-04-27 14:17:00,2
2021-04-27 14:18:00,1
2021-04-27 14:22:00,1
2021-04-27 15:18:00,1
2021-04-27 15:19:00,1
2021-04-27 15:37:00,1
2021-04-27 15:48:00,1
2021-04-27 16:58:00,3
2021-04-27 17:27:00,1
2021-04-27 18:12:00,1
2021-04-27 18:43:00,1
2021-04-27 18:47:00,1
2021-04-28 08:45:00,3
2021-04-28 10:18:00,1
2021-04-28 11:07:00,4
2021-04-28 11:58:00,1
2021-04-28 12:17:00,1
2021-04-28 12:38:00,2
2021-04-28 13:00:00,1
2021-04-28 13:01:00,1
2021-04-28 13:03:00,1
2021-04-28 13:06:00,1
2021-04-28 13:25:00,1
2021-04-28 13:45:00,1
2021-04-28 14:40:00,3
2021-04-28 15:01:00,1
2021-04-28 15:11:00,1
2021-04-28 15:43:00,1
2021-04-28 16:07:00,1
2021-04-28 16:41:00,1
2021-04-28 17:05:00,2
2021-04-28 17:29:00,1
2021-04-28 18:13:00,1
2021-04-28 18:32:00,1
2021-04-29 07:08:00,1
2021-04-29 07:12:00,1
2021-04-29 07:42:00,1
2021-04-29 10:59:00,1
2021-04-29 11:13:00,2
2021-04-29 12:23:00,2
2021-04-29 12:25:00,1
2021-04-29 12:27:00,1
2021-04-29 16:32:00,1
2021-04-29 17:00:00,1
2021-04-29 17:22:00,1
2021-04-29 17:51:00,3
2021-04-29 20:19:00,2
2021-04-30 08:05:00,1
2021-04-30 10:49:00,1
2021-04-30 11:00:00,1
2021-04-30 11:03:00,1
2021-04-30 11:14:00,1
2021-04-30 11:44:00,1
2021-04-30 11:51:00,1
2021-04-30 12:33:00,1
2021-04-30 12:34:00,1
2021-04-30 12:37:00,1
2021-04-30 12:55:00,1
2021-04-30 13:24:00,1
2021-04-30 13:51:00,1
2021-04-30 14:00:00,1
2021-04-30 14:02:00,1
2021-04-30 14:09:00,1
2021-04-30 14:12:00,1
2021-04-30 16:14:00,1
2021-04-30 16:15:00,2
2021-04-30 17:26:00,1
2021-04-30 17:30:00,1
2021-05-01 16:37:00,1
2021-05-01 17:02:00,1
2021-05-02 11:23:00,1
2021-05-02 12:02:00,1
2021-05-02 13:12:00,1
2021-05-03 08:23:00,1
2021-05-03 10:25:00,1
2021-05-03 10:44:00,1
2021-05-03 10:45:00,4
2021-05-03 10:47:00,1
2021-05-03 11:32:00,1
2021-05-03 11:47:00,1
2021-05-03 12:49:00,1
2021-05-03 12:59:00,1
2021-05-03 14:03:00,1
2021-05-03 14:04:00,2
2021-05-03 14:51:00,1
2021-05-03 18:26:00,2
2021-05-03 18:27:00,2
2021-05-04 06:54:00,1
2021-05-04 09:44:00,1
2021-05-04 11:05:00,1
2021-05-04 11:27:00,1
2021-05-04 11:32:00,1
2021-05-04 11:53:00,1
2021-05-04 11:54:00,2
2021-05-04 12:24:00,2
2021-05-04 13:35:00,1
2021-05-04 13:37:00,1
2021-05-04 13:39:00,2
2021-05-04 14:19:00,4
2021-05-04 14:21:00,2
2021-05-04 15:02:00,2
2021-05-04 15:20:00,1
2021-05-04 15:52:00,1
2021-05-04 16:05:00,1
2021-05-04 16:09:00,2
2021-05-04 17:41:00,2
2021-05-04 18:16:00,1
2021-05-05 08:22:00,1
2021-05-05 09:02:00,2
2021-05-05 09:05:00,1
2021-05-05 09:24:00,1
2021-05-05 09:25:00,2
2021-05-05 11:29:00,1
2021-05-05 11:39:00,1
2021-05-05 11:40:00,1
2021-05-05 11:44:00,1
2021-05-05 11:45:00,1
2021-05-05 11:49:00,1
2021-05-05 12:23:00,1
2021-05-05 12:45:00,1
2021-05-05 12:51:00,1
2021-05-05 13:11:00,1
2021-05-05 13:19:00,1
2021-05-05 13:43:00,1
2021-05-05 13:52:00,1
2021-05-05 13:53:00,2
2021-05-05 15:03:00,1
2021-05-05 15:04:00,2
2021-05-05 15:45:00,1
2021-05-05 19:13:00,1
2021-05-06 07:06:00,1
2021-05-06 07:57:00,1
2021-05-06 09:24:00,1
2021-05-06 10:13:00,1
2021-05-06 10:14:00,1
2021-05-06 11:05:00,2
2021-05-06 11:49:00,1
2021-05-06 12:12:00,2
2021-05-06 12:39:00,1
2021-05-06 12:49:00,1
2021-05-06 12:55:00,1
2021-05-06 12:58:00,1
2021-05-06 14:06:00,2
2021-05-06 14:22:00,1
2021-05-06 14:26:00,1
2021-05-06 14:40:00,1
2021-05-06 14:42:00,1
2021-05-06 15:26:00,1
2021-05-06 15:35:00,1
2021-05-06 16:11:00,1
2021-05-06 16:32:00,3
2021-05-06 16:52:00,1
2021-05-06 17:05:00,1
2021-05-06 17:49:00,1
2021-05-06 17:54:00,1
2021-05-06 18:08:00,1
2021-05-07 08:28:00,1
2021-05-07 08:37:00,1
2021-05-07 09:03:00,1
2021-05-07 09:17:00,1
2021-05-07 11:00:00,1
2021-05-07 11:06:00,1
2021-05-07 11:09:00,2
2021-05-07 11:20:00,1
2021-05-07 11:28:00,1
2021-05-07 11:33:00,2
2021-05-07 11:59:00,1
2021-05-07 12:16:00,1
2021-05-07 12:18:00,1
2021-05-07 13:21:00,1
2021-05-07 13:27:00,1
2021-05-07 13:38:00,2
2021-05-07 14:05:00,2
2021-05-07 15:00:00,2
2021-05-07 15:03:00,1
2021-05-07 15:06:00,1
2021-05-07 15:19:00,2
2021-05-07 15:22:00,1
2021-05-07 15:56:00,1
2021-05-07 17:44:00,1
2021-05-07 17:58:00,1
2021-05-10 09:47:00,1
2021-05-10 09:57:00,1
2021-05-10 11:14:00,1
2021-05-10 11:41:00,1
2021-05-10 11:42:00,1
2021-05-10 11:46:00,1
2021-05-10 11:52:00,2
2021-05-10 12:03:00,1
2021-05-10 12:13:00,1
2021-05-10 12:18:00,1
2021-05-10 14:25:00,1
2021-05-10 15:18:00,1
2021-05-10 15:33:00,1
2021-05-10 15:54:00,1
2021-05-10 18:11:00,1
2021-05-10 18:14:00,1
2021-05-10 18:18:00,2
2021-05-10 18:36:00,1
2021-05-11 10:07:00,1
2021-05-11 11:20:00,1
2021-05-11 12:18:00,1
2021-05-11 13:36:00,1
2021-05-11 15:27:00,1
2021-05-11 15:54:00,1
2021-05-11 16:47:00,1
2021-05-11 17:12:00,1
2021-05-11 17:16:00,2
2021-05-12 09:37:00,2
2021-05-12 10:08:00,1
2021-05-12 10:26:00,1
2021-05-12 10:32:00,1
2021-05-12 10:38:00,1
2021-05-12 11:04:00,1
2021-05-12 11:12:00,1
2021-05-12 11:44:00,3
2021-05-12 12:33:00,2
2021-05-12 12:36:00,1
2021-05-12 12:41:00,2
2021-05-12 13:20:00,1
2021-05-12 14:33:00,2
2021-05-12 15:08:00,1
2021-05-12 15:55:00,1
2021-05-12 16:03:00,1
2021-05-12 16:07:00,1
2021-05-12 16:11:00,1
2021-05-12 16:28:00,2
2021-05-12 16:31:00,1
2021-05-12 16:39:00,1
2021-05-13 08:57:00,1
2021-05-13 09:16:00,1
2021-05-13 11:01:00,1
2021-05-13 11:14:00,2
2021-05-13 11:39:00,1
2021-05-13 12:11:00,1
2021-05-13 13:03:00,1
2021-05-13 13:19:00,2
2021-05-13 13:49:00,1
2021-05-13 13:54:00,1
2021-05-13 13:55:00,1
2021-05-13 14:41:00,2
2021-05-13 15:08:00,1
2021-05-13 15:51:00,1
2021-05-13 17:21:00,1
2021-05-13 17:28:00,2
2021-05-13 17:29:00,3
2021-05-13 17:35:00,2
2021-05-13 18:37:00,1
2021-05-13 19:18:00,1
2021-05-14 09:29:00,2
2021-05-14 11:03:00,1
2021-05-14 11:31:00,2
2021-05-14 11:44:00,1
2021-05-14 11:45:00,1
2021-05-14 11:47:00,5
2021-05-14 11:48:00,2
2021-05-14 12:02:00,1
2021-05-14 12:05:00,1
2021-05-14 12:19:00,1
2021-05-14 12:20:00,2
2021-05-14 12:26:00,1
2021-05-14 12:41:00,2
2021-05-14 12:49:00,1
2021-05-14 13:36:00,1
2021-05-14 13:47:00,1
2021-05-14 15:32:00,1
2021-05-14 16:06:00,1
2021-05-14 16:16:00,1
2021-05-14 16:27:00,3
2021-05-14 17:19:00,1
2021-05-14 17:20:00,3
2021-05-14 17:21:00,1
2021-05-14 17:35:00,1
2021-05-14 18:51:00,1
2021-05-14 18:53:00,1
2021-05-15 16:37:00,2
2021-05-16 11:36:00,3
2021-05-17 08:29:00,1
2021-05-17 10:28:00,1
2021-05-17 10:29:00,1
2021-05-17 11:07:00,1
2021-05-17 12:11:00,1
2021-05-17 12:53:00,1
2021-05-17 13:14:00,4
2021-05-17 13:45:00,1
2021-05-17 13:59:00,1
2021-05-17 14:01:00,1
2021-05-17 14:10:00,1
2021-05-17 14:27:00,1
2021-05-17 15:05:00,1
2021-05-17 15:17:00,1
2021-05-17 15:46:00,1
2021-05-17 17:22:00,1
2021-05-17 20:22:00,2
2021-05-17 20:23:00,1
2021-05-17 20:57:00,1
2021-05-17 21:01:00,1
2021-05-18 07:11:00,1
2021-05-18 07:19:00,2
2021-05-18 08:56:00,3
2021-05-18 09:37:00,2
2021-05-18 11:18:00,2
2021-05-18 11:19:00,1
2021-05-18 11:48:00,1
2021-05-18 11:50:00,1
2021-05-18 11:59:00,3
2021-05-18 12:01:00,1
2021-05-18 12:06:00,1
2021-05-18 12:13:00,1
2021-05-18 12:18:00,1
2021-05-18 12:31:00,1
2021-05-18 12:39:00,2
2021-05-18 13:42:00,1
2021-05-18 14:21:00,1
2021-05-18 14:50:00,1
2021-05-18 15:11:00,1
2021-05-18 15:59:00,1
2021-05-18 16:21:00,1
2021-05-18 17:25:00,1
2021-05-18 17:28:00,1
2021-05-18 18:17:00,1
2021-05-18 20:42:00,2
2021-05-18 20:54:00,1
2021-05-19 09:40:00,1
2021-05-19 09:41:00,2
2021-05-19 10:22:00,1
2021-05-19 10:37:00,4
2021-05-19 11:07:00,1
2021-05-19 12:09:00,1
2021-05-19 12:30:00,3
2021-05-19 13:23:00,1
2021-05-19 14:33:00,6
2021-05-19 14:34:00,1
2021-05-19 14:43:00,1
2021-05-19 15:32:00,1
2021-05-19 15:37:00,2
2021-05-19 15:53:00,3
2021-05-19 16:05:00,1
2021-05-19 16:10:00,1
2021-05-19 16:12:00,1
2021-05-19 16:45:00,1
2021-05-19 16:57:00,1
2021-05-19 17:02:00,1
2021-05-19 17:19:00,1
2021-05-19 17:39:00,1
2021-05-19 18:19:00,1
2021-05-19 18:27:00,1
2021-05-19 18:46:00,2
2021-05-19 18:54:00,3
2021-05-20 09:23:00,1
2021-05-20 09:57:00,1
2021-05-20 10:01:00,2
2021-05-20 10:03:00,1
2021-05-20 11:18:00,1
2021-05-20 11:54:00,1
2021-05-20 12:49:00,1
2021-05-20 13:00:00,2
2021-05-20 13:11:00,1
2021-05-20 13:18:00,2
2021-05-20 13:22:00,1
2021-05-20 13:56:00,2
2021-05-20 13:59:00,1
2021-05-20 14:18:00,2
2021-05-20 14:20:00,2
2021-05-20 14:23:00,1
2021-05-20 14:34:00,1
2021-05-20 14:44:00,1
2021-05-20 14:47:00,1
2021-05-20 14:49:00,1
2021-05-20 14:52:00,1
2021-05-20 15:03:00,3
2021-05-20 15:25:00,1
2021-05-20 15:30:00,1
2021-05-20 16:19:00,2
2021-05-20 16:38:00,4
2021-05-20 16:39:00,3
2021-05-20 17:07:00,2
2021-05-20 17:20:00,1
2021-05-20 17:24:00,1
2021-05-20 19:37:00,2
2021-05-21 09:41:00,1
2021-05-21 10:28:00,1
2021-05-21 10:43:00,1
2021-05-21 10:53:00,1
2021-05-21 11:36:00,1
2021-05-21 12:18:00,1
2021-05-21 13:18:00,1
2021-05-21 14:11:00,2
2021-05-21 14:12:00,1
2021-05-21 14:24:00,1
2021-05-21 14:26:00,5
2021-05-21 14:27:00,3
2021-05-21 14:56:00,1
2021-05-21 15:19:00,1
2021-05-21 15:41:00,1
2021-05-21 15:56:00,1
2021-05-21 15:59:00,1
2021-05-21 16:23:00,1
2021-05-21 16:25:00,1
2021-05-21 17:23:00,1
2021-05-21 17:35:00,1
2021-05-21 18:38:00,5
2021-05-21 18:39:00,4
2021-05-21 18:42:00,1
2021-05-23 11:18:00,1
2021-05-23 11:37:00,4
2021-05-23 13:02:00,1
2021-05-23 13:03:00,2
2021-05-24 09:44:00,1
2021-05-24 09:53:00,1
2021-05-24 10:57:00,1
2021-05-24 10:58:00,1
2021-05-24 11:05:00,1
2021-05-24 11:06:00,1
2021-05-24 11:08:00,1
2021-05-24 11:13:00,1
2021-05-24 11:54:00,1
2021-05-24 12:12:00,1
2021-05-24 12:16:00,1
2021-05-24 12:43:00,2
2021-05-24 13:33:00,1
2021-05-24 13:46:00,1
2021-05-24 13:51:00,1
2021-05-24 13:58:00,1
2021-05-24 14:49:00,1
2021-05-24 15:07:00,1
2021-05-24 15:13:00,3
2021-05-24 16:07:00,1
2021-05-24 16:57:00,1
2021-05-25 09:47:00,1
2021-05-25 09:50:00,1
2021-05-25 10:36:00,1
2021-05-25 11:11:00,1
2021-05-25 11:46:00,1
2021-05-25 11:54:00,3
2021-05-25 12:43:00,1
2021-05-25 13:00:00,1
2021-05-25 13:46:00,1
2021-05-25 14:09:00,1
2021-05-25 14:18:00,2
2021-05-25 14:26:00,3
2021-05-25 14:53:00,1
2021-05-25 14:58:00,1
2021-05-25 15:03:00,3
2021-05-25 15:21:00,1
2021-05-25 15:32:00,4
2021-05-25 16:00:00,1
2021-05-25 16:32:00,1
2021-05-26 09:27:00,1
2021-05-26 09:56:00,2
2021-05-26 09:59:00,2
2021-05-26 10:35:00,1
2021-05-26 11:09:00,1
2021-05-26 11:10:00,1
2021-05-26 11:27:00,1
2021-05-26 11:29:00,1
2021-05-26 11:55:00,5
2021-05-26 11:56:00,6
2021-05-26 12:00:00,1
2021-05-26 12:03:00,1
2021-05-26 12:07:00,2
2021-05-26 12:09:00,1
2021-05-26 12:34:00,1
2021-05-26 13:09:00,2
2021-05-26 13:57:00,1
2021-05-26 13:58:00,1
2021-05-26 14:00:00,1
2021-05-26 14:02:00,3
2021-05-26 15:59:00,1
2021-05-26 16:20:00,3
2021-05-26 17:21:00,2
2021-05-26 17:43:00,1
2021-05-26 21:48:00,2
2021-05-27 09:56:00,1
2021-05-27 09:57:00,5
2021-05-27 10:06:00,1
2021-05-27 10:10:00,1
2021-05-27 11:45:00,1
2021-05-27 11:53:00,2
2021-05-27 12:24:00,1
2021-05-27 13:03:00,1
2021-05-27 13:31:00,1
2021-05-27 13:32:00,1
2021-05-27 13:39:00,1
2021-05-27 13:49:00,1
2021-05-27 14:02:00,1
2021-05-27 14:03:00,2
2021-05-27 14:05:00,2
2021-05-27 14:40:00,1
2021-05-27 14:55:00,1
2021-05-27 15:14:00,1
2021-05-27 15:16:00,1
2021-05-27 15:18:00,1
2021-05-27 15:42:00,1
2021-05-27 15:44:00,1
2021-05-27 16:08:00,1
2021-05-27 16:09:00,2
2021-05-27 16:31:00,1
2021-05-27 17:30:00,1
2021-05-27 17:45:00,2
2021-05-27 17:47:00,2
2021-05-27 17:48:00,5
2021-05-27 17:49:00,1
2021-05-27 17:52:00,1
2021-05-27 17:53:00,1
2021-05-27 19:03:00,4
2021-05-28 09:33:00,1
2021-05-28 10:23:00,1
2021-05-28 11:05:00,2
2021-05-28 11:06:00,3
2021-05-28 11:24:00,2
2021-05-28 11:45:00,1
2021-05-28 11:51:00,2
2021-05-28 11:56:00,3
2021-05-28 13:35:00,1
2021-05-28 14:05:00,1
2021-05-28 14:06:00,1
2021-05-28 14:40:00,1
2021-05-28 14:41:00,1
2021-05-28 14:50:00,1
2021-05-28 14:53:00,1
2021-05-28 15:16:00,1
2021-05-28 15:49:00,1
2021-05-28 16:12:00,1
2021-05-28 17:15:00,1
2021-05-28 17:54:00,2
2021-05-29 10:49:00,1
2021-05-29 10:50:00,11
2021-05-29 12:32:00,1
2021-05-29 12:33:00,1
2021-05-29 20:53:00,2
2021-05-30 09:30:00,1
2021-05-30 09:54:00,1
2021-05-30 10:21:00,1
2021-05-30 10:29:00,2
2021-05-30 10:34:00,3
2021-05-30 11:11:00,2
2021-05-30 11:15:00,1
2021-05-30 11:41:00,1
2021-05-30 11:42:00,1
2021-05-30 11:54:00,1
2021-05-30 11:55:00,1
2021-05-30 12:01:00,2
2021-05-30 18:19:00,1
2021-05-30 20:36:00,1
2021-05-30 21:03:00,5
2021-05-30 21:04:00,2
2021-05-31 09:45:00,1
2021-05-31 09:46:00,2
2021-05-31 13:58:00,1
2021-05-31 13:59:00,2
2021-10-20 09:25:00,1
2021-12-03 10:09:00,1
2022-01-13 07:07:00,1
2022-02-09 11:54:00,1
2022-06-17 18:29:00,1
2022-06-17 19:15:00,6
2022-06-17 19:30:00,2
2022-06-18 16:01:00,1
2022-06-28 11:46:00,2
2022-06-28 13:16:00,1
2022-06-28 20:00:00,29
2022-09-23 15:33:00,1
2022-09-30 21:52:00,1
2022-11-20 18:51:00,1
2022-11-21 10:12:00,1
2022-11-21 11:02:00,1
2022-11-21 11:03:00,2
2022-12-01 19:44:00,1
2022-12-08 04:52:00,1
2022-12-08 05:16:00,6
2022-12-08 05:44:00,4
2022-12-08 05:45:00,3
2022-12-08 05:46:00,2
2022-12-08 05:47:00,4
2022-12-08 05:48:00,4
2022-12-08 05:49:00,3
2022-12-08 05:50:00,2
2022-12-08 05:51:00,2
2022-12-08 05:52:00,1
2022-12-08 05:53:00,5
2022-12-08 05:54:00,6
2022-12-08 05:55:00,2
2022-12-08 05:56:00,2
2022-12-08 05:57:00,7
2022-12-08 05:58:00,3
2022-12-08 06:01:00,6
2022-12-08 06:02:00,3
2022-12-08 06:03:00,2
2022-12-08 06:04:00,2
2022-12-08 06:05:00,1
2022-12-08 06:07:00,1
2022-12-08 06:08:00,4
2022-12-08 06:09:00,5
2022-12-08 06:10:00,1
2022-12-08 06:11:00,2
2022-12-08 06:12:00,2
2022-12-08 06:13:00,4
2022-12-08 06:14:00,4
2022-12-08 06:15:00,1
2022-12-08 06:16:00,3
2022-12-08 06:20:00,2
2022-12-08 06:21:00,6
2022-12-08 06:22:00,2
2022-12-08 06:25:00,4
2022-12-08 06:28:00,4
2022-12-08 06:30:00,1
2022-12-08 06:31:00,2
2022-12-08 06:32:00,1
2022-12-08 06:33:00,3
2022-12-08 06:34:00,2
2022-12-08 06:35:00,6
2022-12-08 06:36:00,3
2022-12-08 06:38:00,1
2022-12-08 06:39:00,2
2022-12-08 06:40:00,3
2022-12-08 06:41:00,3
2022-12-08 06:42:00,3
2022-12-08 06:43:00,14
2022-12-08 06:44:00,11
2022-12-08 06:45:00,8
2022-12-08 06:46:00,6
2022-12-08 06:47:00,3
2022-12-08 06:48:00,3
2022-12-08 06:49:00,5
2022-12-08 06:50:00,1
2022-12-08 06:51:00,1
2022-12-08 06:52:00,2
2022-12-08 06:53:00,1
2022-12-08 06:54:00,1
2022-12-08 07:01:00,2
2022-12-08 07:02:00,3
2022-12-08 07:06:00,1
2022-12-08 09:39:00,1
2022-12-08 09:40:00,1
2022-12-08 09:42:00,1
2022-12-08 09:43:00,1
2022-12-08 09:45:00,1
2022-12-08 09:46:00,5
2022-12-08 09:47:00,6
2022-12-08 09:48:00,1
2022-12-08 09:49:00,1
2022-12-08 09:50:00,1
2022-12-08 09:52:00,1
2022-12-08 09:55:00,3
2022-12-08 09:56:00,2
2022-12-08 12:15:00,1
2022-12-08 14:10:00,2
2022-12-08 22:59:00,2
2022-12-08 23:08:00,1
2022-12-08 23:30:00,1
2022-12-09 00:15:00,9
2022-12-09 00:25:00,1
2022-12-09 01:35:00,1
2022-12-09 02:08:00,1
2022-12-09 02:10:00,1
2022-12-09 02:11:00,1
2022-12-09 02:19:00,3
2022-12-09 02:41:00,1
2022-12-09 02:48:00,1
2022-12-09 02:51:00,4
2022-12-09 02:52:00,2
2022-12-09 02:53:00,6
2022-12-09 02:54:00,3
2022-12-09 02:55:00,2
2022-12-09 02:56:00,4
2022-12-09 02:57:00,3
2022-12-09 02:58:00,1
2022-12-09 02:59:00,1
2022-12-09 03:00:00,4
2022-12-09 03:01:00,5
2022-12-09 03:02:00,1
2022-12-09 03:03:00,2
2022-12-09 03:04:00,1
2022-12-09 03:05:00,7
2022-12-09 03:06:00,16
2022-12-09 03:07:00,9
2022-12-09 03:08:00,11
2022-12-09 03:09:00,4
2022-12-09 03:10:00,2
2022-12-09 03:11:00,3
2022-12-09 03:13:00,1
2022-12-09 03:17:00,2
2022-12-09 03:18:00,3
2022-12-09 03:19:00,3
2022-12-09 03:20:00,1
2022-12-09 03:22:00,1
2022-12-09 03:29:00,1
2022-12-09 03:30:00,2
2022-12-09 03:57:00,1
2022-12-09 04:28:00,1
2022-12-09 04:38:00,1
2022-12-09 08:24:00,11
2022-12-09 08:25:00,16
2022-12-09 08:32:00,1
2022-12-09 08:33:00,1
2022-12-09 08:35:00,2
2022-12-10 01:21:00,2
2022-12-10 01:28:00,1
2022-12-10 02:59:00,2
2022-12-10 03:00:00,1
2022-12-10 03:03:00,1
2022-12-10 03:21:00,7
2022-12-10 03:34:00,1
2022-12-10 03:45:00,1
2022-12-10 03:46:00,1
2022-12-10 04:44:00,2
2022-12-10 04:57:00,1
2022-12-10 05:05:00,5
2022-12-10 05:09:00,1
2022-12-10 05:11:00,1
2022-12-10 05:16:00,1
2022-12-10 05:27:00,2
2022-12-10 05:58:00,1
2022-12-10 05:59:00,3
2022-12-10 06:00:00,3
2022-12-10 06:01:00,4
2022-12-10 06:02:00,5
2022-12-10 06:03:00,4
2022-12-10 06:04:00,3
2022-12-10 06:05:00,7
2022-12-10 06:06:00,4
2022-12-10 06:07:00,4
2022-12-10 06:08:00,4
2022-12-10 06:09:00,3
2022-12-10 06:10:00,3
2022-12-10 06:11:00,2
2022-12-10 06:12:00,1
2022-12-10 06:14:00,2
2022-12-10 06:15:00,4
2022-12-10 06:16:00,2
2022-12-10 06:17:00,10
2022-12-10 06:18:00,8
2022-12-10 06:19:00,11
2022-12-10 06:20:00,4
2022-12-10 06:21:00,7
2022-12-10 06:22:00,6
2022-12-10 06:23:00,11
2022-12-10 06:24:00,13
2022-12-10 06:25:00,2
2022-12-10 06:33:00,10
2022-12-10 06:34:00,15
2022-12-10 06:36:00,1
2022-12-10 06:37:00,4
2022-12-10 06:40:00,1
2022-12-10 06:41:00,2
2022-12-10 06:53:00,1
2022-12-10 06:54:00,1
2022-12-10 06:59:00,1
2022-12-10 07:03:00,1
2022-12-10 07:04:00,2
2022-12-10 07:18:00,1
2022-12-10 07:19:00,1
2022-12-10 08:28:00,3
2022-12-13 00:07:00,1
2022-12-13 00:11:00,1
2022-12-13 01:27:00,1
2022-12-13 03:08:00,1
2022-12-13 03:20:00,2
2022-12-13 03:21:00,1
2022-12-13 03:22:00,4
2022-12-13 03:24:00,2
2022-12-13 03:25:00,2
2022-12-13 03:26:00,1
2022-12-13 03:27:00,1
2022-12-13 03:28:00,1
2022-12-13 03:30:00,2
2022-12-13 03:31:00,2
2022-12-13 03:32:00,1
2022-12-13 03:33:00,2
2022-12-13 04:18:00,1
2022-12-13 04:19:00,1
2022-12-13 04:38:00,1
2022-12-13 05:03:00,1
2022-12-13 05:04:00,3
2022-12-13 05:06:00,1
2022-12-13 05:07:00,1
2022-12-13 05:19:00,1
2022-12-13 05:24:00,1
2022-12-13 06:24:00,2
2022-12-13 06:25:00,3
2022-12-13 06:26:00,1
2022-12-13 06:27:00,12
2022-12-13 06:28:00,6
2022-12-13 06:29:00,18
2022-12-13 06:30:00,10
2022-12-13 06:31:00,9
2022-12-13 06:32:00,11
2022-12-13 06:33:00,3
2022-12-13 06:34:00,16
2022-12-13 06:35:00,18
2022-12-13 06:36:00,17
2022-12-13 06:37:00,15
2022-12-13 06:38:00,16
2022-12-13 06:39:00,11
2022-12-13 06:40:00,2
2022-12-13 06:42:00,1
2022-12-13 06:45:00,1
2022-12-13 06:56:00,2
2022-12-13 06:58:00,3
2022-12-13 06:59:00,6
2022-12-13 07:00:00,10
2022-12-13 07:01:00,1
2022-12-13 07:13:00,1
2022-12-13 07:15:00,1
2022-12-13 07:45:00,1
2022-12-13 07:47:00,1
2022-12-13 08:27:00,1
2022-12-13 08:38:00,1
2022-12-13 15:46:00,1
2022-12-14 01:38:00,1
2022-12-14 01:46:00,1
2022-12-14 01:47:00,1
2022-12-14 02:08:00,1
2022-12-14 02:19:00,1
2022-12-14 03:05:00,1
2022-12-14 03:25:00,1
2022-12-14 03:26:00,5
2022-12-14 03:27:00,2
2022-12-14 03:28:00,1
2022-12-14 03:29:00,1
2022-12-14 03:46:00,2
2022-12-14 04:13:00,2
2022-12-14 04:28:00,1
2022-12-14 04:29:00,3
2022-12-14 04:31:00,2
2022-12-14 04:48:00,1
2022-12-14 04:50:00,2
2022-12-14 04:57:00,1
2022-12-14 05:09:00,3
2022-12-14 05:10:00,2
2022-12-14 05:18:00,1
2022-12-14 05:21:00,1
2022-12-14 05:46:00,3
2022-12-14 05:47:00,3
2022-12-14 05:48:00,1
2022-12-14 05:49:00,4
2022-12-14 05:50:00,4
2022-12-14 05:51:00,3
2022-12-14 05:52:00,5
2022-12-14 05:53:00,2
2022-12-14 05:54:00,3
2022-12-14 05:55:00,8
2022-12-14 05:56:00,2
2022-12-14 05:57:00,1
2022-12-14 05:59:00,2
2022-12-14 06:04:00,2
2022-12-14 06:05:00,6
2022-12-14 06:06:00,3
2022-12-14 06:07:00,4
2022-12-14 06:13:00,2
2022-12-14 06:14:00,5
2022-12-14 06:15:00,8
2022-12-14 06:16:00,3
2022-12-14 06:17:00,3
2022-12-14 06:18:00,8
2022-12-14 06:19:00,4
2022-12-14 06:20:00,3
2022-12-14 06:21:00,2
2022-12-14 06:22:00,2
2022-12-14 06:23:00,5
2022-12-14 06:24:00,9
2022-12-14 06:25:00,14
2022-12-14 06:26:00,13
2022-12-14 06:27:00,11
2022-12-14 06:28:00,2
2022-12-14 06:29:00,1
2022-12-14 06:30:00,2
2022-12-14 06:31:00,12
2022-12-14 06:32:00,4
2022-12-14 06:33:00,2
2022-12-14 06:34:00,1
2022-12-14 06:42:00,1
2022-12-14 06:43:00,1
2022-12-14 06:45:00,2
2022-12-14 06:50:00,1
2022-12-14 06:53:00,1
2022-12-14 06:54:00,1
2022-12-14 06:57:00,1
2022-12-14 07:59:00,1
2022-12-15 02:12:00,1
2022-12-15 02:13:00,2
2022-12-15 02:14:00,3
2022-12-15 02:15:00,2
2022-12-15 02:16:00,1
2022-12-15 22:47:00,6
2022-12-15 22:48:00,3
2022-12-15 22:49:00,2
2022-12-16 03:30:00,1
2022-12-16 03:38:00,1
2022-12-16 04:13:00,3
2022-12-16 05:06:00,1
2022-12-16 22:24:00,4
2022-12-16 22:48:00,2
2022-12-16 23:33:00,1
2022-12-17 00:23:00,1
2022-12-17 01:14:00,3
2022-12-17 02:18:00,1
2022-12-17 02:19:00,12
2022-12-17 02:20:00,5
2022-12-17 02:49:00,1
2022-12-17 03:36:00,11
2022-12-17 03:37:00,1
2022-12-17 03:56:00,1
2022-12-17 04:33:00,1
2022-12-17 04:49:00,2
2022-12-17 04:50:00,6
2022-12-17 04:55:00,1
2022-12-17 05:53:00,2
2022-12-17 05:56:00,4
2022-12-17 05:57:00,4
2022-12-17 05:58:00,4
2022-12-17 05:59:00,3
2022-12-17 06:00:00,3
2022-12-17 06:01:00,3
2022-12-17 06:04:00,2
2022-12-17 06:06:00,2
2022-12-17 06:13:00,1
2022-12-17 06:14:00,2
2022-12-17 06:16:00,3
2022-12-17 06:19:00,2
2022-12-17 06:20:00,8
2022-12-17 06:21:00,1
2022-12-17 06:22:00,3
2022-12-17 06:23:00,2
2022-12-17 06:25:00,1
2022-12-17 06:28:00,1
2022-12-17 06:30:00,1
2022-12-17 06:32:00,1
2022-12-17 06:34:00,3
2022-12-17 06:35:00,1
2022-12-17 06:37:00,1
2022-12-17 06:38:00,1
2022-12-17 06:43:00,2
2022-12-17 06:49:00,3
2022-12-17 06:50:00,1
2022-12-17 06:53:00,3
2022-12-17 06:55:00,3
2022-12-17 06:56:00,6
2022-12-17 06:57:00,11
2022-12-17 06:59:00,1
2022-12-17 07:00:00,2
2022-12-17 07:01:00,1
2022-12-17 11:17:00,6
2022-12-18 15:20:00,1
2022-12-18 16:33:00,1
2022-12-19 01:30:00,1
2022-12-19 01:31:00,1
2022-12-19 01:33:00,1
2022-12-19 01:39:00,2
2022-12-19 01:40:00,1
2022-12-19 02:01:00,1
2022-12-19 02:22:00,1
2022-12-19 02:37:00,1
2022-12-19 02:51:00,1
2022-12-19 03:22:00,2
2022-12-19 03:23:00,1
2022-12-19 03:24:00,2
2022-12-19 03:25:00,2
2022-12-19 03:26:00,1
2022-12-19 03:27:00,1
2022-12-19 03:29:00,1
2022-12-19 03:30:00,2
2022-12-19 03:31:00,2
2022-12-19 03:49:00,1
2022-12-19 03:54:00,1
2022-12-19 04:20:00,1
2022-12-19 05:06:00,2
2022-12-19 05:09:00,2
2022-12-19 05:10:00,2
2022-12-19 05:13:00,1
2022-12-19 05:21:00,2
2022-12-19 05:22:00,2
2022-12-19 05:30:00,1
2022-12-19 05:31:00,1
2022-12-19 05:48:00,1
2022-12-19 06:19:00,2
2022-12-19 06:20:00,2
2022-12-19 06:21:00,2
2022-12-19 06:22:00,2
2022-12-19 06:23:00,4
2022-12-19 06:24:00,4
2022-12-19 06:25:00,4
2022-12-19 06:26:00,3
2022-12-19 06:27:00,3
2022-12-19 06:28:00,2
2022-12-19 06:29:00,3
2022-12-19 06:30:00,3
2022-12-19 06:31:00,2
2022-12-19 06:32:00,4
2022-12-19 06:33:00,3
2022-12-19 06:34:00,1
2022-12-19 06:38:00,4
2022-12-19 06:39:00,5
2022-12-19 06:40:00,5
2022-12-19 06:41:00,5
2022-12-19 06:42:00,2
2022-12-19 06:43:00,3
2022-12-19 06:44:00,2
2022-12-19 06:46:00,3
2022-12-19 06:47:00,4
2022-12-19 06:48:00,4
2022-12-19 06:49:00,3
2022-12-19 06:50:00,5
2022-12-19 06:51:00,3
2022-12-19 06:52:00,4
2022-12-19 06:53:00,2
2022-12-19 06:54:00,3
2022-12-19 06:55:00,1
2022-12-19 06:56:00,4
2022-12-19 06:57:00,7
2022-12-19 06:58:00,3
2022-12-19 06:59:00,10
2022-12-19 07:00:00,8
2022-12-19 07:01:00,10
2022-12-19 07:02:00,13
2022-12-19 07:03:00,6
2022-12-19 07:04:00,16
2022-12-19 07:05:00,12
2022-12-19 07:06:00,2
2022-12-19 07:07:00,9
2022-12-19 07:08:00,13
2022-12-19 07:09:00,15
2022-12-19 07:10:00,20
2022-12-19 07:11:00,6
2022-12-19 07:12:00,7
2022-12-19 07:15:00,5
2022-12-19 07:16:00,2
2022-12-19 09:35:00,1
2022-12-19 09:36:00,1
2022-12-19 09:49:00,1
2022-12-19 18:39:00,1
2022-12-19 22:37:00,1
2022-12-19 23:41:00,1
2022-12-19 23:42:00,3
2022-12-19 23:43:00,4
2022-12-19 23:44:00,4
2022-12-19 23:45:00,2
2022-12-20 00:09:00,4
2022-12-20 01:33:00,2
2022-12-20 01:38:00,1
2022-12-20 01:43:00,3
2022-12-20 01:55:00,2
2022-12-20 02:20:00,1
2022-12-20 02:21:00,4
2022-12-20 02:22:00,2
2022-12-20 02:23:00,3
2022-12-20 02:24:00,4
2022-12-20 02:25:00,3
2022-12-20 02:26:00,4
2022-12-20 02:27:00,5
2022-12-20 02:28:00,2
2022-12-20 02:29:00,1
2022-12-20 02:30:00,3
2022-12-20 02:31:00,4
2022-12-20 02:32:00,6
2022-12-20 02:33:00,2
2022-12-20 02:34:00,1
2022-12-20 02:35:00,1
2022-12-20 02:36:00,1
2022-12-20 02:37:00,2
2022-12-20 02:38:00,5
2022-12-20 02:40:00,3
2022-12-20 02:41:00,2
2022-12-20 02:42:00,2
2022-12-20 02:43:00,4
2022-12-20 02:44:00,12
2022-12-20 02:45:00,1
2022-12-20 02:46:00,2
2022-12-20 02:47:00,2
2022-12-20 02:49:00,4
2022-12-20 02:50:00,10
2022-12-20 02:51:00,10
2022-12-20 02:52:00,7
2022-12-20 02:53:00,13
2022-12-20 02:54:00,7
2022-12-20 02:55:00,13
2022-12-20 02:56:00,15
2022-12-20 02:57:00,8
2022-12-20 02:58:00,2
2022-12-20 03:02:00,1
2022-12-20 03:03:00,6
2022-12-20 03:04:00,5
2022-12-20 03:05:00,1
2022-12-20 03:06:00,4
2022-12-20 03:07:00,1
2022-12-20 03:09:00,4
2022-12-20 03:10:00,2
2022-12-20 03:14:00,3
2022-12-20 03:15:00,1
2022-12-20 03:21:00,2
2022-12-20 03:27:00,1
2022-12-20 03:28:00,4
2022-12-20 03:29:00,1
2022-12-20 03:32:00,1
2022-12-20 03:33:00,2
2022-12-20 03:34:00,2
2022-12-20 03:35:00,1
2022-12-20 04:05:00,1
2022-12-20 04:37:00,1
2022-12-20 05:04:00,2
2022-12-20 05:17:00,1
2022-12-20 05:19:00,1
2022-12-20 05:20:00,1
2022-12-20 05:40:00,2
2022-12-20 05:41:00,4
2022-12-20 05:42:00,6
2022-12-20 05:43:00,8
2022-12-20 05:44:00,7
2022-12-20 05:45:00,2
2022-12-20 05:46:00,5
2022-12-20 05:47:00,5
2022-12-20 05:48:00,5
2022-12-20 05:49:00,3
2022-12-20 05:50:00,3
2022-12-20 05:51:00,3
2022-12-20 05:52:00,5
2022-12-20 05:53:00,4
2022-12-20 05:54:00,6
2022-12-20 05:55:00,5
2022-12-20 05:56:00,7
2022-12-20 05:57:00,6
2022-12-20 05:58:00,8
2022-12-20 05:59:00,8
2022-12-20 06:00:00,9
2022-12-20 06:02:00,4
2022-12-20 06:03:00,7
2022-12-20 06:04:00,5
2022-12-20 06:05:00,6
2022-12-20 06:07:00,5
2022-12-20 06:08:00,3
2022-12-20 06:09:00,3
2022-12-20 06:10:00,7
2022-12-20 06:11:00,2
2022-12-20 06:12:00,4
2022-12-20 06:13:00,3
2022-12-20 06:17:00,2
2022-12-20 06:18:00,2
2022-12-20 06:19:00,4
2022-12-20 06:20:00,7
2022-12-20 06:21:00,1
2022-12-20 06:22:00,4
2022-12-20 06:23:00,2
2022-12-20 06:24:00,10
2022-12-20 06:25:00,5
2022-12-20 06:26:00,8
2022-12-20 06:27:00,2
2022-12-20 06:28:00,4
2022-12-20 06:29:00,1
2022-12-20 06:30:00,3
2022-12-20 06:33:00,3
2022-12-20 06:36:00,1
2022-12-20 06:37:00,6
2022-12-20 06:38:00,12
2022-12-20 06:39:00,8
2022-12-20 06:42:00,1
2022-12-20 06:44:00,2
2022-12-20 07:09:00,1
2022-12-20 07:10:00,1
2022-12-20 07:12:00,2
2022-12-20 07:13:00,1
2022-12-20 07:17:00,1
2022-12-20 09:09:00,1
2022-12-22 01:28:00,1
2022-12-22 01:29:00,1
2022-12-22 01:35:00,2
2022-12-22 04:14:00,1
2022-12-22 04:16:00,1
2022-12-22 04:22:00,1
2022-12-22 04:40:00,1
2022-12-22 04:51:00,2
2022-12-22 04:53:00,3
2022-12-22 04:54:00,1
2022-12-22 04:55:00,2
2022-12-22 04:58:00,2
2022-12-22 04:59:00,3
2022-12-22 05:00:00,4
2022-12-22 05:01:00,7
2022-12-22 05:02:00,3
2022-12-22 05:03:00,7
2022-12-22 05:04:00,6
2022-12-22 05:05:00,5
2022-12-22 05:06:00,4
2022-12-22 05:07:00,8
2022-12-22 05:08:00,4
2022-12-22 05:09:00,4
2022-12-22 05:10:00,4
2022-12-22 05:11:00,3
2022-12-22 05:12:00,1
2022-12-22 05:13:00,3
2022-12-22 05:14:00,5
2022-12-22 05:15:00,2
2022-12-22 05:16:00,1
2022-12-22 05:17:00,3
2022-12-22 05:18:00,2
2022-12-22 05:20:00,3
2022-12-22 05:21:00,3
2022-12-22 05:23:00,2
2022-12-22 05:24:00,1
2022-12-22 05:25:00,4
2022-12-22 05:26:00,2
2022-12-22 05:28:00,1
2022-12-22 05:30:00,1
2022-12-22 05:31:00,5
2022-12-22 05:32:00,1
2022-12-22 05:34:00,1
2022-12-22 05:37:00,2
2022-12-22 05:38:00,1
2022-12-22 05:39:00,1
2022-12-22 05:40:00,1
2022-12-22 05:41:00,2
2022-12-22 05:42:00,1
2022-12-22 05:43:00,5
2022-12-22 05:44:00,1
2022-12-22 05:46:00,3
2022-12-22 05:47:00,3
2022-12-22 05:48:00,2
2022-12-22 05:49:00,1
2022-12-22 05:50:00,1
2022-12-22 05:52:00,2
2022-12-22 05:55:00,3
2022-12-22 06:01:00,1
2022-12-22 06:04:00,1
2022-12-22 06:05:00,3
2022-12-22 06:20:00,5
2022-12-22 06:21:00,1
2022-12-22 06:22:00,1
2022-12-22 06:53:00,1
2022-12-22 06:58:00,2
2022-12-22 20:23:00,3
2022-12-22 20:45:00,2
2022-12-22 20:46:00,3
2022-12-22 22:32:00,1
2022-12-22 22:41:00,2
2022-12-23 02:48:00,2
2022-12-25 00:00:00,3
2022-12-25 00:01:00,1
NA,359575
